{"type":"RNNTimeStep","options":{"inputSize":1,"inputRange":0,"hiddenLayers":[20],"outputSize":1,"decayRate":0.999,"smoothEps":1e-8,"regc":0.000001,"clipval":5,"maxPredictionLength":100,"dataFormatter":{"indexTable":{},"characterTable":{},"characters":[],"specialIndexes":[]}},"hiddenLayers":[{"weight":{"rows":20,"columns":1,"weights":[-0.19145333766937256,0.1086883544921875,0.20397312939167023,0.18197055160999298,0.23247012495994568,-0.09782108664512634,-0.008649426512420177,0.17202194035053253,0.2991687059402466,-0.06553622335195541,-0.08050922304391861,-0.09308218210935593,0.11104638874530792,0.04529353976249695,-0.022660041227936745,-0.204236701130867,0.11320312321186066,0.09082838147878647,0.08510702103376389,-0.22008444368839264]},"transition":{"rows":20,"columns":20,"weights":[-0.015661735087633133,-0.02218705229461193,-0.16633568704128265,-0.06500721722841263,0.06768561899662018,0.07035282254219055,-0.06744645535945892,-0.030298281461000443,0.03290697559714317,-0.07565382868051529,-0.005045461002737284,-0.053114160895347595,-0.05342843383550644,-0.04290342330932617,-0.03451012820005417,-0.024768145754933357,-0.0649518370628357,0.07075115293264389,-0.03646065294742584,-0.058571506291627884,-0.031926125288009644,0.08007225394248962,0.023414772003889084,0.1312803328037262,0.1949792504310608,-0.07145233452320099,-0.07920228689908981,0.11786643415689468,0.07453086972236633,-0.06445769965648651,-0.170731320977211,0.05486707761883736,-0.0865601971745491,-0.08691529184579849,0.0540180504322052,0.04944058507680893,0.7501062750816345,-0.02529556304216385,-0.15250377357006073,0.024653704836964607,-0.03560778871178627,0.39316919445991516,0.0012517401482909918,0.1406102478504181,-0.0027216277085244656,0.22734692692756653,-0.10159613192081451,0.2803540527820587,-0.007088832091540098,0.23160456120967865,-0.12528671324253082,0.1983455866575241,-0.08866177499294281,-0.0036761132068932056,0.07090609520673752,-0.0184550229460001,0.061869535595178604,0.1436183899641037,0.016047118231654167,-0.036993760615587234,-0.05757412314414978,0.5203822255134583,0.17579811811447144,0.04002842679619789,0.057291023433208466,0.06988508999347687,-0.06491152942180634,0.3011319637298584,0.02436053194105625,0.13345332443714142,-0.1853175014257431,0.2254956215620041,-0.1179054006934166,-0.05179644003510475,0.19961200654506683,-0.1294231116771698,0.1341385692358017,0.04009430855512619,0.2830311954021454,-0.01731562428176403,-0.017001109197735786,0.5919720530509949,0.29985761642456055,0.10832865536212921,0.1191926822066307,0.04470503330230713,-0.12484969943761826,0.18476375937461853,0.18785783648490906,0.1697535663843155,-1.0911483764648438,0.1804274469614029,-0.08712699264287949,0.06783651560544968,0.2812168300151825,-0.09472713619470596,1.0736639499664307,0.08587317168712616,0.32046300172805786,0.018934758380055428,-0.006246568169444799,-0.02831551991403103,0.053753096610307693,0.19810251891613007,0.024648599326610565,-0.0750579833984375,0.21552924811840057,-0.05885333940386772,0.14801019430160522,-0.03593295067548752,0.1404356062412262,-0.051547642797231674,0.17886237800121307,0.014234351925551891,0.08018002659082413,-0.008515049703419209,0.23119214177131653,0.11450514197349548,0.06050194799900055,0.014608269557356834,-0.019385244697332382,-0.25475946068763733,0.048461832106113434,0.09791037440299988,0.14800190925598145,-0.08612325042486191,0.18661656975746155,0.0627550333738327,-0.0701650083065033,-0.06333187222480774,0.5517280101776123,0.058597248047590256,0.10254877805709839,-0.07795138657093048,-0.13542579114437103,-0.07272903621196747,-0.36410221457481384,0.07851305603981018,-0.01329057663679123,-0.024977270513772964,0.06769566237926483,0.30904144048690796,0.22061695158481598,0.11838935315608978,0.09107454866170883,0.20274879038333893,-0.18282410502433777,0.20371630787849426,0.09673227369785309,0.13504210114479065,-0.12507551908493042,0.1002674549818039,-0.09188450127840042,0.14440709352493286,0.14475767314434052,-0.10310466587543488,0.05981547757983208,0.036652740091085434,0.2574552297592163,0.0037661727983504534,-0.04879011586308479,-0.1833578497171402,0.13481786847114563,0.1642552763223648,-0.055075984448194504,-0.033989205956459045,0.2201930284500122,0.013397661969065666,0.6112096309661865,0.04632861167192459,-0.5274339914321899,0.043572597205638885,-0.11690632253885269,-0.006682394538074732,-1.0512173175811768,0.02925242856144905,-0.6614253520965576,-0.1320374459028244,-0.08025799691677094,-0.003822755068540573,0.04994829744100571,-0.08883345872163773,-0.22352170944213867,-0.10204879194498062,-0.12165814638137817,-0.01612643152475357,-0.04804067313671112,-0.11000990867614746,0.038184598088264465,-0.046603310853242874,0.07307156920433044,-0.17446152865886688,-0.055676307529211044,-0.02137874625623226,-0.05690595880150795,0.021443067118525505,0.030982710421085358,-0.06288983672857285,-0.17010042071342468,0.03342614695429802,0.024544578045606613,-0.23830047249794006,0.035774629563093185,-0.011467142030596733,0.10965335369110107,-0.05127599090337753,0.12999728322029114,0.004852884914726019,-0.033479999750852585,-0.06194965913891792,0.5026233196258545,-0.0630592629313469,0.013683748431503773,0.05184395611286163,-0.5990284085273743,-0.008795800618827343,-2.2639496326446533,-0.10144612938165665,0.04099036753177643,0.007551031187176704,-0.07730639725923538,-0.010629948228597641,-0.17130708694458008,-0.1062716469168663,-0.12330135703086853,-0.0460493266582489,0.06610224395990372,-0.13227374851703644,0.030636221170425415,0.047920696437358856,-0.0065071843564510345,-0.21411703526973724,-0.025597702711820602,0.04242277890443802,-0.06670069694519043,0.04450053349137306,-0.032013606280088425,-0.040530696511268616,-0.16806110739707947,-0.05860663577914238,-0.020816074684262276,0.09684129804372787,0.09891783446073532,0.13048413395881653,0.2059124857187271,-0.0720209851861,0.10994303226470947,0.11602483689785004,0.17966260015964508,0.0779723972082138,0.24910412728786469,-0.014616238884627819,0.017418965697288513,-0.07765926420688629,-0.17734180390834808,-0.06506519764661789,0.34780263900756836,0.09188156574964523,0.0816529244184494,0.03478978946805,-0.036907050758600235,-0.09997601807117462,-0.07039239257574081,0.01913805492222309,-0.059953976422548294,0.058021970093250275,0.001629676902666688,-0.05914970859885216,0.04671042785048485,0.05312137305736542,-0.03808774799108505,-0.060376234352588654,0.03566652908921242,-0.09151827543973923,-0.03552589938044548,-0.01591058261692524,0.024166714400053024,-0.02479301020503044,-0.31213805079460144,0.05639960244297981,0.006961974315345287,0.032379940152168274,-0.012623116374015808,0.00204404816031456,0.023108161985874176,0.07760205119848251,0.027593905106186867,0.091214619576931,0.014550735242664814,-0.027183525264263153,-0.12223441153764725,0.005217354279011488,0.08770091831684113,-0.07488779723644257,0.04449661076068878,0.06169245392084122,0.07134618610143661,0.009896808303892612,-0.05318037420511246,-0.02474840171635151,0.010215867310762405,0.06807995587587357,-0.22191739082336426,-0.08783547580242157,-0.10848722606897354,0.041886210441589355,-0.06433702260255814,-0.13079912960529327,-0.05880087614059448,0.0065168291330337524,0.04601891711354256,-0.00395457586273551,0.03014211915433407,0.07534313946962357,-0.03654629364609718,0.12647640705108643,-0.0507669560611248,-0.07362294942140579,-0.11363941431045532,0.05992422625422478,-0.07507197558879852,-0.2802410423755646,0.19180218875408173,0.09568648785352707,0.004184504505246878,0.02455153875052929,0.12908735871315002,0.06062515452504158,-0.014033151790499687,0.0401373952627182,0.03575856238603592,0.05320900306105614,-0.16206227242946625,0.05466117337346077,0.14171630144119263,-0.07321321219205856,-0.014517059549689293,0.1676943153142929,-0.19231240451335907,0.0759735107421875,0.0680658146739006,-0.1580841988325119,0.010344265028834343,0.07443814724683762,0.1565830558538437,-0.017641108483076096,0.010126546025276184,0.1202116459608078,0.12418113648891449,0.0406511053442955,0.2497745305299759,