{"type":"RNNTimeStep","options":{"inputSize":1,"inputRange":0,"hiddenLayers":[20],"outputSize":1,"decayRate":0.999,"smoothEps":1e-8,"regc":0.000001,"clipval":5,"maxPredictionLength":100,"dataFormatter":{"indexTable":{},"characterTable":{},"characters":[],"specialIndexes":[]}},"hiddenLayers":[{"weight":{"rows":20,"columns":1,"weights":[-0.2020227015018463,0.0632149949669838,-0.22718565165996552,0.014502567239105701,-0.07872263342142105,0.11316483467817307,0.09049766510725021,0.18580462038516998,0.29451465606689453,0.06610054522752762,0.12232039123773575,-0.19938866794109344,0.3153976798057556,0.8024382591247559,0.014302953146398067,-0.18332906067371368,-0.03517379239201546,-0.18215329945087433,-0.18294620513916016,-0.07872883975505829]},"transition":{"rows":20,"columns":20,"weights":[-0.15839748084545135,-0.134390190243721,-0.051199741661548615,0.05446622893214226,0.06864188611507416,-0.027510466054081917,-0.1654423177242279,0.03057248704135418,-0.22742591798305511,-0.09584911167621613,-0.0804414227604866,-0.07182793319225311,-0.1285252720117569,-0.10506840795278549,0.04435146600008011,0.04414200410246849,-0.17664532363414764,-0.018977083265781403,-0.010197906754910946,-0.006717096082866192,0.14797808229923248,-0.10633575916290283,0.17440687119960785,0.06834059953689575,0.015587945468723774,0.15960626304149628,0.009110735729336739,-0.046826399862766266,0.040480468422174454,-0.22911661863327026,-0.04061392694711685,0.03495456278324127,0.01899053156375885,0.12246634811162949,0.053534816950559616,0.16295793652534485,-1.7617278099060059,-0.09702813625335693,-0.10077892243862152,-0.06079971045255661,-0.0975881814956665,-0.12082960456609726,0.010920660570263863,-0.06401872634887695,0.034353211522102356,-0.07573576271533966,-0.2083079069852829,-0.06153547391295433,-0.09311547875404358,-0.09370695799589157,-0.12389834970235825,-0.025430332869291306,-0.15241599082946777,-0.10540792346000671,-0.04841966927051544,0.04845423251390457,-0.16375786066055298,-0.073102205991745,-0.04145748168230057,0.06247180700302124,0.05389750003814697,-0.010164538398385048,0.026298517361283302,-0.09801258891820908,-0.01914537139236927,0.020314930006861687,-0.07832159847021103,-0.05361753702163696,0.05563919618725777,-0.05031997710466385,0.0416087880730629,-0.01717587746679783,-0.04039034992456436,-0.06263972818851471,0.011458071880042553,-0.037549279630184174,0.017059896141290665,-0.0346379391849041,-0.000659597513731569,0.044835519045591354,-0.005782593507319689,0.037544962018728256,-0.07539256662130356,0.02497279830276966,0.0013143032556399703,-0.043666064739227295,-0.03186483681201935,-0.016002874821424484,-0.0012498631840571761,-0.0032925077248364687,0.00621468061581254,-0.01615196280181408,0.0326678566634655,-0.003560975892469287,0.012201610021293163,0.03492859750986099,0.06435585021972656,-0.05585715174674988,0.010055058635771275,-0.04447410628199577,0.10715719312429428,0.1293635219335556,0.14409282803535461,0.03225453570485115,0.0033496918622404337,0.0879361629486084,0.19644290208816528,0.03746369481086731,0.21275809407234192,0.17410479485988617,0.12971729040145874,0.00520071666687727,0.20162883400917053,0.1581449657678604,0.057437874376773834,0.06328971683979034,-0.5935336351394653,-0.16437867283821106,-0.09467904269695282,0.018923219293355942,0.16561266779899597,-0.03740872070193291,0.16002728044986725,0.18500252068042755,0.07456225156784058,0.19624654948711395,0.19466988742351532,-0.0019388309447094798,0.033248111605644226,0.22032679617404938,0.1735164076089859,-0.08749834448099136,0.17837631702423096,-0.26485976576805115,-0.4746808409690857,0.02689591608941555,-1.929690957069397,-0.10227880626916885,-0.22113844752311707,0.06493527442216873,0.1671171337366104,0.18157976865768433,0.09059139341115952,0.04891395568847656,0.0332777239382267,0.1666555553674698,0.18536950647830963,0.022556442767381668,0.17973026633262634,0.1294049322605133,0.172446146607399,0.03497493639588356,0.22058214247226715,0.09018553048372269,-0.5849798321723938,-0.014681690372526646,-1.9243320226669312,-0.08086659014225006,-0.18451297283172607,-0.04983766749501228,0.08448586612939835,-0.004388472530990839,0.08801499009132385,-0.04924212396144867,-0.010359708219766617,0.24241824448108673,0.17954914271831512,0.025704748928546906,0.1331118792295456,0.17042922973632812,0.17631977796554565,-0.03304087743163109,0.1908644288778305,0.3433385491371155,0.4275151193141937,0.0339997373521328,-0.2880564033985138,-0.08091761916875839,-0.21444369852542877,-0.026674792170524597,0.22698263823986053,0.14731186628341675,0.18768036365509033,0.11512498557567596,0.043402548879384995,0.16299325227737427,0.013863136060535908,0.053098708391189575,-0.008686622604727745,0.16552068293094635,0.14915253221988678,0.050294917076826096,0.033848345279693604,0.10571707785129547,-0.5813910365104675,0.04503003880381584,-0.9446418285369873,-0.1941404789686203,-0.08438581973314285,0.055288150906562805,0.1727624386548996,-0.1331995576620102,0.10114939510822296,0.23084904253482819,-0.004506269935518503,0.1442614048719406,0.012483080849051476,0.07375073432922363,0.10927269607782364,0.022955114021897316,0.28908923268318176,-0.0882810652256012,0.29197990894317627,-0.1277313232421875,0.6287809014320374,0.022568322718143463,-1.255583643913269,-0.0818524956703186,-0.12053471803665161,-0.026875946670770645,0.03450758755207062,0.036678895354270935,0.03455730527639389,-0.0660352110862732,0.00316590815782547,-0.21902814507484436,-0.1796112358570099,-0.1278730034828186,-0.07102745026350021,-0.14079709351062775,-0.16982676088809967,0.04276850074529648,-0.1964367926120758,-0.07884031534194946,-0.1524999588727951,0.005485084839165211,0.0399462915956974,0.06498250365257263,0.0054272236302495,-0.014110764488577843,0.1543755978345871,-0.020979490131139755,0.15414895117282867,0.1777762770652771,-0.05504418537020683,0.10136349499225616,0.039816420525312424,-0.020956458523869514,0.1055796891450882,0.10800792276859283,0.3222257196903229,0.01232776790857315,0.3768310546875,-0.1015227809548378,0.8308020234107971,0.045288700610399246,-1.2841144800186157,-0.18949741125106812,-0.09432379901409149,0.03370720520615578,0.10951609164476395,0.03600635379552841,0.17565010488033295,0.069701187312603,0.054038677364587784,0.1580212563276291,0.00014513351197820157,0.06100637838244438,0.05021040141582489,-0.038814619183540344,-0.05455022305250168,-0.04750872030854225,-0.05227106809616089,-0.6824427843093872,-0.024500638246536255,0.11229585856199265,-2.4217400550842285,-0.17636385560035706,-0.07914861291646957,0.02834564447402954,-0.0607687309384346,0.011777984909713268,-0.06507757306098938,-0.04255468770861626,-0.04466278851032257,0.09533538669347763,0.08335871994495392,0.030742153525352478,-0.050163015723228455,0.026873217895627022,0.10163182765245438,0.004050767049193382,0.025649655610322952,0.062490712851285934,0.32815268635749817,0.01467485073953867,-1.9485195875167847,-0.1730174869298935,-0.18592000007629395,-0.0546443872153759,-0.16094353795051575,-0.08794025331735611,-0.1463690549135208,0.02326180972158909,-0.05201228708028793,-0.07574053853750229,-0.1884283572435379,-0.1170036718249321,-0.12579266726970673,-0.15296855568885803,-0.08813191950321198,-0.06479445844888687,-0.17592643201351166,-0.18298925459384918,-0.027655916288495064,-0.0973818302154541,-0.17309951782226562,-0.026083556935191154,-0.02427847683429718,-0.061048105359077454,-0.21178197860717773,0.06504964828491211,-0.09593234956264496,0.07199855893850327,0.013979097828269005,-0.12353072315454483,0.038248948752880096,-0.0366499200463295,0.07354414463043213,-0.0015449768397957087,0.06935569643974304,-0.009471726603806019,0.0693948045372963,0.05380756035447121,-0.020584827288985252,-0.016417009755969048,0.3377402126789093,-0.183085635304451,0.07514885812997818,-0.03845610097050667,-0.016592344269156456,-0.10936817526817322,0.07206455618143082,0.0365850105881691,0.07382332533597946,-0.0034999230410903692,-0.039782460778951645,0.012160558253526688,-0.07566866278648376,-0.003189597511664033,-0.13162817060947418,